Nr.;Bals.ID;Tema
1;13672;3
2;13673;3
3;13673;3
4;13674;3
5;13675;3
6;13676;4
7;13677;3
8;13680;3
9;13682;3
10;13691;3
11;13694;1
12;13696;3
13;13697;5
14;13698;1
15;13699;3
16;13702;1
17;13705;3
18;13705;3
19;13708;2
20;13709;2
21;13709;2
22;13713;3
23;13714;5
24;13715;6
25;13716;2
26;13716;2
27;13717;2
28;13719;1
29;13720;1
30;13724;5
31;13725;1
32;13726;1
33;13727;1
34;13727;1
35;13727;1
36;13729;6
37;13729;6
38;13730;6
39;13733;2
40;13735;3
41;13736;3
42;13737;3
43;13740;1
44;13741;5
45;13744;5
46;13746;2
47;13749;3
48;13750;1
49;13750;1
50;13751;4
51;13752;3
52;13753;5
53;13757;1
54;13758;5
55;13771;1
56;13774;1
57;13777;3
58;13780;2
59;13783;2
60;13786;2
61;13789;2
62;13792;1
63;13795;3
64;13797;4
65;13799;5
66;13801;4
67;13803;3
68;13804;5
69;13804;5
70;13805;5
71;13806;3
72;13806;3
73;13809;1
74;13809;1
75;13809;1
76;13810;1
77;13811;6
78;13814;5
79;13816;5
80;13816;5
81;13818;3
82;13820;6
83;13821;6
84;13827;1
85;13830;1
86;13831;4
87;13832;1
88;13833;1
89;13834;5
90;13838;3
91;13838;3
92;13840;5
93;13846;5
94;13848;3
95;13849;3
96;13854;4
97;13856;1
98;13858;5
99;13861;3
100;13863;3
101;13869;6
102;13871;3
103;13873;5
104;13875;5
105;13877;1
106;13879;3
107;13883;1
108;13885;1
109;13888;3
110;13891;1
111;13894;4
112;13895;3
113;13897;6
114;13897;6
115;13898;5
116;13898;5
117;13899;4
118;13900;1
119;13901;1
120;13902;1
121;13903;1
122;13903;1
123;13904;1
124;13905;1
125;13906;1
126;13907;5
127;13907;5
128;13907;5
129;13910;1
130;13914;5
131;13917;2
132;13919;5
133;13920;4
134;13922;2
135;13922;2
136;13923;5
137;13927;5
138;13932;4
139;13934;5
140;13947;1
141;13950;1
142;13953;1
143;13956;3
144;13957;1
145;13959;3
146;13960;3
147;13962;4
148;13962;4
149;13962;4
150;13962;4
151;13962;4
152;13963;2
153;13963;2
154;13964;3
155;13964;3
156;13964;3
157;13964;3
158;13964;3
159;13964;3
160;13964;3
161;13964;3
162;13964;3
163;13964;3
164;13964;3
165;13964;3
166;13964;3
167;13964;3
168;13964;3
169;13964;3
170;13964;3
171;13964;3
172;13964;3
173;13964;3
174;13964;3
175;13964;3
176;13964;3
177;13964;3
178;13964;3
179;13964;3
180;13964;3
181;13964;3
182;13964;3
183;13968;1
184;13972;1
185;13975;1
186;13976;1
187;13977;6
188;13978;5
189;13980;5
190;13981;5
191;13982;4
192;13983;4
193;13984;5
194;13985;5
195;13986;5
196;13988;5
197;13989;4
198;13990;4
199;13991;5
200;13992;5
201;13993;4
202;13994;4
203;13995;4
204;13996;6
205;13997;2
206;13998;2
207;13999;4
208;14000;1
209;14001;5
210;14002;4
211;14004;5
212;14006;5
213;14007;4
214;14008;4
215;14009;2
216;14009;2
217;14009;2
218;14009;2
219;14010;2
220;14011;5
221;14011;5
222;14014;1
223;14015;1
224;14018;1
225;14021;2
226;14024;1
227;14029;1
228;14032;2
229;14035;2
230;14038;2
231;14041;1
232;14044;2
233;14047;1
234;14050;2
235;14053;2
236;14056;2
237;14057;1
238;14058;1
239;14059;1
240;14060;5
241;14060;5
242;14061;5
243;14062;5
244;14063;3
245;14064;3
246;14065;5
247;14066;5
248;14067;5
249;14068;5
250;14069;4
251;14070;1
252;14071;4
253;14072;4
254;14073;4
255;14074;4
256;14075;4
257;14076;4
258;14077;6
259;14078;5
260;14079;5
261;14079;5
262;14080;5
263;14081;5
264;14082;3
265;14083;4
266;14085;4
267;14087;4
268;14089;5
269;14091;3
270;14110;3
271;14110;3
272;14113;5
273;14114;4
274;14115;4
275;14115;4
276;14115;4
277;14115;4
278;14116;5
279;14116;5
280;14130;2
281;14133;1
282;14135;4
283;14135;4
284;14144;6
285;14149;5
286;14153;1
287;14153;1
288;14153;1
289;14154;5
290;14155;5
291;14155;5
292;14161;2
293;14162;5
294;14163;5
295;14164;4
296;14164;4
297;14165;5
298;14166;5
299;14166;5
300;14167;5
301;14168;5
302;14169;5
303;14170;5
304;14172;5
305;14173;5
306;14174;5
307;14175;5
308;14176;5
309;14177;5
310;14178;5
311;14179;5
312;14180;5
313;14181;5
314;14183;4
315;14183;4
316;14184;5
317;14184;5
318;14185;1
319;14187;3
320;14189;5
321;14190;5
322;14190;5
323;14191;5
324;14192;5
325;14192;5
326;14193;5
327;14194;5
328;14201;4
329;14202;5
330;14210;1
331;14212;1
332;14221;1
333;14221;1
334;14224;5
335;14228;5
336;14231;1
337;14234;1
338;14236;2
339;14239;3
340;14242;3
341;14245;1
342;14248;1
343;14251;2
344;14254;1
345;14259;3
346;14262;4
347;14263;3
348;14264;3
349;14266;6
350;14267;5
351;14268;1
352;14270;5
353;14276;3
354;14279;5
355;14281;5
356;14282;2
357;14284;2
358;14288;5
359;14289;3
360;14291;3
361;14292;3
362;14293;5
363;14295;4
364;14298;5
365;14301;1
366;14304;1
367;14305;5
368;14306;5
369;14311;1
370;14314;3
371;14316;3
372;14317;6
373;14319;2
374;14321;2
375;14322;1
376;14322;1
377;14323;5
378;14324;1
379;14331;2
380;14334;3
381;14337;3
382;14337;3
383;14339;5
384;14341;5
385;14342;6
386;14345;3
387;14348;3
388;14351;5
389;14354;2
390;14356;5
391;14358;5
392;14360;5
393;14361;1
394;14364;3
395;14365;4
396;14366;2
397;14368;3
398;14371;1
399;14376;1
400;14379;5
401;14380;1
402;14382;4
403;14384;1
404;14385;1
405;14386;1
406;14387;1
407;14387;1
408;14392;3
409;14393;4
410;14397;5
411;14399;5
412;14401;5
413;14402;5
414;14403;4
415;14411;3
416;14414;4
417;14416;3
418;14417;4
419;14418;4
420;14421;4
421;14422;5
422;14423;5
423;14424;3
424;14425;6
425;14425;6
426;14426;1
427;14428;5
428;14433;2
429;14435;3
430;14437;5
431;14438;4
432;14443;4
433;14444;4
434;14445;4
435;14446;4
436;14447;1
437;14448;5
438;14450;5
439;14453;5
440;14454;5
441;14455;5
442;14459;6
443;14460;4
444;14461;1
445;14464;1
446;14467;1
447;14470;1
448;14473;1
449;14474;4
450;14476;3
451;14477;3
452;14478;4
453;14479;4
454;14480;5
455;14481;1
456;14482;5
457;14485;3
458;14494;5
459;14497;4
460;14499;5
461;14500;1
462;14501;5
463;14502;1
464;14503;5
465;14505;1
466;14506;4
467;14508;3
468;14509;5
469;14510;2
470;14514;3
471;14516;4
472;14516;4
473;14519;2
474;14519;2
475;14519;2
476;14519;2
477;14519;2
478;14519;2
479;14520;2
480;14522;1
481;14527;3
482;14528;3
483;14531;3
484;14533;2
485;14535;1
486;14536;1
487;14540;4
488;14542;1
489;14543;1
490;14545;5
491;14547;1
492;14548;1
493;14549;4
494;14550;5
495;14551;5
496;14552;5
497;14553;5
498;14556;1
499;14557;5
500;14558;5
501;14559;6
502;14560;5
503;14560;5
504;14560;5
505;14561;6
506;14561;6
507;14561;6
508;14562;1
509;14563;5
510;14565;1
511;14566;1
512;14568;2
513;14571;1
514;14574;1
515;14575;3
516;14576;2
517;14578;2
518;14578;2
519;14582;2
520;14586;1
521;14588;5
522;14589;5
523;14590;4
524;14591;6
525;14593;3
526;14594;5
527;14596;4
528;14598;6
529;14604;1
530;14604;1
531;14604;1
532;14609;3
533;14611;1
534;14611;1
535;14612;1
536;14614;1
537;14615;5
538;14619;3
539;14620;5
540;14622;5
541;14623;5
542;14624;5
543;14625;1
544;14626;1
545;14629;5
546;14629;5
547;14629;5
548;14633;6
549;14633;6
550;14634;6
551;14634;6
552;14634;6
553;14635;1
554;14636;1
555;14637;5
556;14638;4
557;14638;4
558;14638;4
559;14638;4
560;14638;4
561;14639;4
562;14640;5
563;14641;4
564;14641;4
565;14641;4
566;14641;4
567;14641;4
568;14641;4
569;14641;4
570;14641;4
571;14641;4
572;14641;4
573;14641;4
574;14641;4
575;14641;4
576;14641;4
577;14641;4
578;14641;4
579;14641;4
580;14641;4
581;14642;5
582;14645;4
583;14651;3
584;14654;5
585;14657;1
586;14660;1
587;14663;2
588;14666;2
589;14670;5
590;14671;5
591;14672;5
592;14673;5
593;14674;2
594;14676;5
595;14676;5
596;14677;1
597;14680;3
598;14680;3
599;14681;4
600;14682;4
601;14683;5
602;14684;4
603;14686;4
604;14687;1
605;14688;4
606;14689;2
607;14691;3
608;14693;2
609;14695;2
610;14696;2
611;14697;2
612;14698;1
613;14699;1
614;14702;5
615;14704;5
616;14707;3
617;14708;3
618;14710;3
619;14713;5
620;14714;5
621;14720;6
622;14722;6
623;14723;2
624;14723;2
625;14723;2
626;14723;2
627;14723;2
628;14723;2
629;14723;2
630;14726;3
631;14726;3
632;14728;5
633;14729;5
634;14732;3
635;14733;1
636;14736;3
637;14737;4
638;14742;3
639;14744;3
640;14745;5
641;14749;5
642;14750;4
643;14751;5
644;14756;5
645;14757;1
646;14762;5
647;14766;6
648;14767;4
649;14768;3
650;14769;5
651;14770;2
652;14772;1
653;14773;5
654;14774;1
655;14775;2
656;14776;3
657;14787;5
658;14789;5
659;14791;5
660;14793;3
661;14794;3
662;14796;3
663;14800;5
664;14801;3
665;14802;5
666;14803;5
667;14804;5
668;14805;3
669;14807;3
670;14809;2
671;14811;5
672;14811;5
673;14813;6
674;14816;4
675;14816;4
676;14817;2
677;14818;4
678;14819;3
679;14820;4
680;14821;4
681;14822;4
682;14823;5
683;14824;5
684;14825;5
685;14826;1
686;14827;5
687;14828;5
688;14829;1
689;14830;3
690;14831;4
691;14831;4
692;14831;4
693;14831;4
694;14832;4
695;14833;1
696;14834;1
697;14837;1
698;14838;5
699;14838;5
700;14840;6
701;14840;6
702;14842;5
703;14842;5
704;14845;2
705;14845;2
706;14845;2
707;14845;2
708;14845;2
709;14847;4
710;14847;4
711;14851;2
712;14851;2
713;14852;5
714;14853;5
715;14854;5
716;14855;5
717;14855;5
718;14859;1
719;14860;1
720;14861;2
721;14862;4
722;14863;4
723;14864;3
724;14865;3
725;14866;5
726;14867;5
727;14868;5
728;14872;1
729;14873;5
730;14876;3
731;14877;5
732;14879;2
733;14881;5
734;14883;5
735;14884;4
736;14888;3
737;14890;5
738;14891;5
739;14892;2
740;14893;2
741;14894;2
742;14895;2
743;14897;5
744;14898;5
745;14900;5
746;14902;1
747;14903;5
748;14904;4
749;14909;3
750;14912;2
751;14915;1
752;14917;4
753;14919;4
754;14921;4
755;14924;1
756;14928;3
757;14929;1
758;14931;2
759;14933;3
760;14933;3
761;14933;3
762;14934;5
763;14935;3
764;14936;4
765;14937;5
766;14938;4
767;14938;4
768;14938;4
769;14938;4
770;14938;4
771;14939;5
772;14940;5
773;14941;5
774;14942;4
775;14945;1
776;14945;1
777;14946;5
778;14948;5
779;14951;4
780;14952;5
781;14952;5
782;14952;5
783;14952;5
784;14952;5
785;14953;3
786;14954;3
787;14961;1
788;14964;1
789;14966;5
790;14968;3
791;14970;3
792;14971;5
793;14972;5
794;14972;5
795;14972;5
796;14972;5
797;14972;5
798;14972;5
799;14972;5
800;14973;2
801;14973;2
802;14974;5
803;14976;3
804;14977;3
805;14978;2
806;14982;1
807;14983;1
808;14986;4
809;14987;2
810;14988;1
811;14989;2
812;14990;3
813;14992;1
814;14992;1
815;14993;4
816;14994;1
817;14995;1
818;14997;3
819;14998;1
820;14999;5
821;15000;1
822;15001;5
823;15002;1
824;15003;5
825;15004;5
826;15005;5
827;15006;5
828;15007;6
829;15008;5
830;15009;1
831;15010;2
832;15010;2
833;15012;6
834;15014;6
835;15016;3
836;15018;3
837;15020;5
838;15021;1
839;15022;1
840;15025;3
841;15026;5
842;15027;5
843;15027;5
844;15029;2
845;15030;4
846;15031;6
847;15031;6
848;15031;6
849;15031;6
850;15032;3
851;15032;3
852;15032;3
853;15032;3
854;15033;5
855;15033;5
856;15033;5
857;15033;5
858;15033;5
859;15033;5
860;15033;5
861;15034;5
862;15035;5
863;15037;5
864;15039;3
865;15040;3
866;15041;3
867;15041;3
868;15043;1
869;15044;5
870;15045;5
871;15046;5
872;15047;5
873;15050;3
874;15052;1
875;15054;5
876;15055;3
877;15057;6
878;15059;3
879;15060;3
880;15061;4
881;15062;4
882;15063;1
883;15064;5
884;15064;5
885;15066;4
886;15067;3
887;15067;3
888;15068;3
889;15071;2
890;15073;5
891;15075;3
892;15076;2
893;15077;5
894;15078;2
895;15079;5
896;15080;5
897;15081;2
898;15083;5
899;15087;3
900;15088;5
901;15089;5
902;15090;5
903;15091;1
904;15092;5
905;15093;1
906;15094;5
907;15096;4
908;15097;5
909;15098;5
910;15099;2
911;15099;2
912;15099;2
913;15099;2
914;15099;2
915;15099;2
916;15099;2
917;15099;2
918;15101;1
919;15101;1
920;15101;1
921;15101;1
922;15101;1
923;15102;5
924;15102;5
925;15102;5
926;15104;3
927;15105;1
928;15106;1
929;15107;5
930;15108;2
931;15109;6
932;15112;5
933;15115;3
934;15117;3
935;15121;3
936;15123;2
937;15123;2
938;15124;2
939;15131;3
940;15133;1
941;15134;2
942;15140;4
943;15142;5
944;15143;1
945;15143;1
946;15143;1
947;15144;1
948;15145;5
949;15147;5
950;15148;5
951;15150;1
952;15152;5
953;15153;3
954;15155;4
955;15156;2
956;15157;1
957;15159;1
958;15161;6
959;15161;6
960;15163;6
961;15165;6
962;15166;3
963;15167;2
964;15170;4
965;15170;4
966;15170;4
967;15170;4
968;15170;4
969;15170;4
970;15170;4
971;15170;4
972;15170;4
973;15170;4
974;15170;4
975;15171;5
976;15172;3
977;15176;1
978;15178;5
979;15179;5
980;15182;1
981;15183;2
982;15183;2
983;15185;4
984;15186;2
985;15186;2
986;15186;2
987;15186;2
988;15186;2
989;15186;2
990;15186;2
991;15186;2
992;15186;2
993;15186;2
994;15186;2
995;15186;2
996;15186;2
997;15186;2
998;15186;2
999;15186;2
1000;15186;2
1001;15186;2
1002;15187;3
1003;15187;3
1004;15187;3
1005;15187;3
1006;15187;3
1007;15187;3
1008;15187;3
1009;15187;3
1010;15187;3
1011;15187;3
1012;15187;3
1013;15187;3
1014;15187;3
1015;15188;5
1016;15189;3
1017;15190;5
1018;15190;5
1019;15190;5
1020;15191;5
1021;15191;5
1022;15191;5
1023;15191;5
1024;15192;5
1025;15193;2
1026;15194;3
1027;15195;2
1028;15196;4
1029;15198;4
1030;15198;4
1031;15206;1
1032;15207;1
1033;15210;3
1034;15211;1
1035;15212;5
1036;15213;5
1037;15215;3
1038;15216;6
1039;15220;1
1040;15221;4
1041;15223;5
1042;15224;1
1043;15224;1
1044;15226;5
1045;15230;4
1046;15231;5
1047;15232;5
1048;15233;2
1049;15234;3
1050;15235;4
1051;15236;4
1052;15237;5
1053;15238;1
1054;15238;1
1055;15238;1
1056;15239;1
1057;15239;1
1058;15239;1
1059;15240;5
1060;15241;5
1061;15242;5
1062;15243;5
1063;15244;4
1064;15244;4
1065;15244;4
1066;15244;4
1067;15244;4
1068;15245;1
1069;15246;6
1070;15247;2
1071;15248;2
1072;15250;5
1073;15251;2
1074;15252;5
1075;15253;5
1076;15256;2
1077;15259;5
1078;15260;2
1079;15260;2
1080;15260;2
1081;15261;2
1082;15263;2
1083;15265;5
1084;15266;5
1085;15269;2
1086;15270;5
1087;15273;1
1088;15274;6
1089;15277;1
1090;15278;1
1091;15279;1
1092;15281;6
1093;15281;6
1094;15283;1
1095;15288;1
1096;15289;5
1097;15290;2
1098;15294;3
1099;15297;1
1100;15298;2
1101;15301;3
1102;15302;4
1103;15305;3
1104;15306;3
1105;15309;1
1106;15315;5
1107;15318;1
1108;15319;1
1109;15319;1
1110;15319;1
1111;15319;1
1112;15319;1
1113;15319;1
1114;15319;1
1115;15320;5
1116;15320;5
1117;15331;6
1118;15336;1
1119;15337;1
1120;15338;4
1121;15338;4
1122;15338;4
1123;15338;4
1124;15339;5
1125;15340;4
1126;15341;1
1127;15342;3
1128;15346;1
1129;15347;5
1130;15350;1
1131;15351;5
1132;15352;5
1133;15353;1
1134;15354;3
1135;15355;3
1136;15356;3
1137;15357;5
1138;15358;1
1139;15360;1
1140;15360;1
1141;15361;5
1142;15362;1
1143;15363;5
1144;15364;5
1145;15366;5
1146;15367;1
1147;15369;1
1148;15371;2
1149;15372;2
1150;15374;3
1151;15376;4
1152;15376;4
1153;15380;2
1154;15381;2
1155;15382;2
1156;15383;2
1157;15385;5
1158;15388;5
1159;15391;6
1160;15392;5
1161;15393;2
1162;15393;2
1163;15393;2
1164;15393;2
1165;15393;2
1166;15394;5
1167;15394;5
1168;15394;5
1169;15394;5
1170;15396;4
1171;15398;4
1172;15399;5
1173;15402;3
1174;15403;3
1175;15404;6
1176;15404;6
1177;15408;5
1178;15410;1
1179;15411;1
1180;15412;1
1181;15413;2
1182;15413;2
1183;15414;1
1184;15415;5
1185;15416;3
1186;15417;4
1187;15418;5
1188;15421;4
1189;15424;3
1190;15426;4
1191;15426;4
1192;15426;4
1193;15426;4
1194;15426;4
1195;15426;4
1196;15426;4
1197;15426;4
1198;15427;4
1199;15427;4
1200;15427;4
1201;15427;4
1202;15427;4
1203;15427;4
1204;15427;4
1205;15427;4
1206;15427;4
1207;15427;4
1208;15427;4
1209;15427;4
1210;15427;4
1211;15427;4
1212;15427;4
1213;15428;5
1214;15428;5
1215;15428;5
1216;15428;5
1217;15429;2
1218;15430;5
1219;15431;4
1220;15432;4
1221;15433;1
1222;15434;5
1223;15435;4
1224;15436;2
1225;15437;4
1226;15438;5
1227;15439;6
1228;15440;2
1229;15441;4
1230;15442;5
1231;15443;5
1232;15444;4
1233;15445;1
1234;15446;2
1235;15446;2
1236;15446;2
1237;15446;2
1238;15446;2
1239;15446;2
1240;15446;2
1241;15446;2
1242;15446;2
1243;15446;2
1244;15446;2
1245;15446;2
1246;15446;2
1247;15446;2
1248;15446;2
1249;15446;2
1250;15446;2
1251;15446;2
1252;15448;5
1253;15449;4
1254;15449;4
1255;15449;4
1256;15450;2
1257;15450;2
1258;15451;4
1259;15452;1
1260;15452;1
1261;15452;1
1262;15453;4
1263;15454;1
1264;15454;1
1265;15454;1
1266;15454;1
1267;15454;1
1268;15455;4
1269;15456;5
1270;15456;5
1271;15456;5
1272;15458;4
1273;15459;4
1274;15460;5
1275;15461;4
1276;15462;1
1277;15463;1
1278;15464;5
1279;15465;3
1280;15466;4
1281;15467;2
1282;15468;2
1283;15469;2
1284;15470;5
1285;15470;5
1286;15470;5
1287;15470;5
1288;15470;5
1289;15470;5
1290;15470;5
1291;15470;5
1292;15470;5
1293;15471;5
1294;15472;1
1295;15473;1
1296;15475;2
1297;15476;3
1298;15477;3
1299;15478;5
1300;15484;1
1301;15495;2
1302;15495;2
1303;15496;2
1304;15498;1
1305;15503;1
1306;15504;2
1307;15507;1
1308;15508;3
1309;15511;2
1310;15514;1
1311;15516;1
1312;15517;5
1313;15517;5
1314;15519;3
1315;15519;3
1316;15519;3
1317;15519;3
1318;15520;1
1319;15521;1
1320;15522;5
1321;15523;4
1322;15524;6
1323;15525;1
1324;15526;4
1325;15527;1
1326;15528;4
1327;15529;3
1328;15530;5
1329;15531;2
1330;15532;4
1331;15533;5
1332;15534;4
1333;15534;4
1334;15534;4
1335;15534;4
1336;15534;4
1337;15534;4
1338;15534;4
1339;15535;6
1340;15536;1
1341;15537;1
1342;15538;1
1343;15539;1
1344;15540;1
1345;15541;1
1346;15541;1
1347;15541;1
1348;15541;1
1349;15541;1
1350;15542;6
1351;15543;4
1352;15544;4
1353;15545;5
1354;15546;4
1355;15547;5
1356;15548;5
1357;15549;4
1358;15550;3
1359;15551;4
1360;15552;5
1361;15553;5
1362;15554;5
1363;15555;2
1364;15556;4
1365;15557;4
1366;15558;5
1367;15559;5
1368;15560;4
1369;15562;4
1370;15564;3
1371;15567;5
1372;15569;5
1373;15570;5
1374;15571;5
1375;15572;5
1376;15573;5
1377;15575;5
1378;15576;5
1379;15576;5
1380;15577;4
1381;15578;1
1382;15579;2
1383;15580;2
1384;15583;5
1385;15583;5
1386;15584;5
1387;15584;5
1388;15585;2
1389;15586;6
1390;15587;6
1391;15587;6
1392;15588;1
1393;15588;1
1394;15589;4
1395;15590;5
1396;15591;5
1397;15591;5
1398;15593;1
1399;15595;1
1400;15595;1
1401;15596;1
1402;15596;1
1403;15596;1
1404;15596;1
1405;15597;2
1406;15597;2
1407;15598;2
1408;15599;5
1409;15600;5
1410;15601;4
1411;15602;5
1412;15603;5
1413;15604;5
1414;15606;5
1415;15607;2
1416;15608;5
1417;15610;5
1418;15611;1
1419;15613;5
1420;15614;5
1421;15615;5
1422;15616;5
1423;15616;5
1424;15617;5
1425;15618;5
1426;15619;5
1427;15622;1
1428;15625;4
1429;15626;5
1430;15627;5
1431;15631;5
1432;15631;5
1433;15631;5
1434;15632;5
1435;15637;3
1436;15644;1
1437;15648;2
1438;15650;3
1439;15651;3
1440;15653;5
1441;15654;3
1442;15660;1
1443;15663;5
1444;15665;1
1445;15665;1
1446;15665;1
1447;15665;1
1448;15665;1
1449;15666;5
1450;15667;5
1451;15674;5
1452;15675;5
1453;15676;5
1454;15677;2
1455;15678;3
1456;15680;4
1457;15682;1
1458;15682;1
1459;15682;1
1460;15682;1
1461;15683;1
1462;15684;1
1463;15686;2
1464;15688;4
1465;15691;5
1466;15692;1
1467;15693;4
1468;15698;1
1469;15700;1
1470;15701;5
1471;15702;3
1472;15703;3
1473;15704;2
1474;15706;5
1475;15707;5
1476;15712;2
1477;15714;3
1478;15714;3
1479;15714;3
1480;15715;5
1481;15716;2
1482;15717;5
1483;15718;5
1484;15719;5
1485;15720;5
1486;15721;5
1487;15722;5
1488;15723;3
1489;15724;3
1490;15725;4
1491;15725;4
1492;15725;4
1493;15725;4
1494;15725;4
1495;15725;4
1496;15725;4
1497;15725;4
1498;15725;4
1499;15725;4
1500;15725;4
1501;15725;4
1502;15725;4
1503;15725;4
1504;15725;4
1505;15725;4
1506;15725;4
1507;15731;5
1508;15732;4
1509;15733;1
1510;15736;1
1511;15738;5
1512;15738;5
1513;15740;1
1514;15740;1
1515;15741;1
1516;15743;5
1517;15744;5
1518;15745;5
1519;15746;1
1520;15749;1
1521;15750;5
1522;15752;4
1523;15752;4
1524;15752;4
1525;15753;4
1526;15754;4
1527;15755;5
1528;15756;1
1529;15756;1
1530;15758;2
1531;15760;4
1532;15761;3
1533;15761;3
1534;15761;3
1535;15763;1
1536;15763;1
1537;15763;1
1538;15764;1
1539;15764;1
1540;15765;6
1541;15766;1
1542;15767;1
1543;15770;6
1544;15774;6
1545;15775;6
1546;15776;6
1547;15777;6
1548;15777;6
1549;15777;6
1550;15777;6
1551;15779;6
1552;15780;6
1553;15781;5
1554;15784;4
1555;15786;3
1556;15786;3
1557;15786;3
1558;15787;2
1559;15789;5
1560;15790;4
1561;15791;4
1562;15792;5
1563;15795;3
1564;15798;1
1565;15801;1
1566;15808;1
1567;15811;1
1568;15814;1
1569;15825;3
1570;15829;1
1571;15832;2
1572;15838;1
1573;15839;4
1574;15840;4
1575;15841;5
1576;15843;2
1577;15845;5
1578;15846;6
1579;15846;6
1580;15846;6
1581;15849;1
1582;15850;4
1583;15851;6
1584;15852;6
1585;15853;2
1586;15855;4
1587;15856;5
1588;15857;2
1589;15858;2
1590;15859;3
1591;15859;3
1592;15861;1
1593;15862;1
1594;15863;3
1595;15866;2
1596;15867;2
1597;15868;5
1598;15869;5
1599;15870;3
1600;15872;1
1601;15873;1
1602;15874;1
1603;15876;3
1604;15877;1
1605;15879;1
1606;15880;5
1607;15881;5
1608;15882;1
1609;15884;1
1610;15885;1
1611;15887;3
1612;15888;4
1613;15888;4
1614;15889;3
1615;15889;3
1616;15889;3
1617;15889;3
1618;15890;5
1619;15891;5
1620;15892;4
1621;15892;4
1622;15892;4
1623;15905;6
1624;15907;6
1625;15912;3
1626;15913;5
1627;15917;1
1628;15918;3
1629;15919;5
1630;15920;2
1631;15922;3
1632;15923;5
1633;15925;5
1634;15926;5
1635;15927;3
1636;15929;4
1637;15929;4
1638;15929;4
1639;15930;5
1640;15931;5
1641;15931;5
1642;15932;5
1643;15933;3
1644;15933;3
1645;15934;2
1646;15935;5
1647;15937;5
1648;15939;5
1649;15940;5
1650;15942;2
1651;15946;5
1652;15948;5
1653;15950;5
1654;15951;2
1655;15953;1
1656;15955;1
1657;15956;1
1658;15958;5
1659;15959;5
1660;15960;1
1661;15961;1
1662;15974;1
1663;15978;3
1664;15983;4
1665;15984;2
1666;15985;1
1667;15986;4
1668;15990;1
1669;15991;1
1670;15992;4
1671;15993;2
1672;15994;6
1673;15995;1
1674;15998;5
1675;15999;3
1676;16000;1
1677;16001;3
1678;16003;5
1679;16004;2
1680;16005;2
1681;16006;2
1682;16009;6
1683;16012;5
1684;16014;6
1685;16015;6
1686;16017;1
1687;16017;1
1688;16018;1
1689;16019;1
1690;16020;1
1691;16022;1
1692;16024;1
1693;16026;1
1694;16027;4
1695;16028;5
1696;16029;5
1697;16030;5
1698;16031;2
1699;16032;3
1700;16033;1
1701;16034;1
1702;16035;2
1703;16036;5
1704;16037;2
1705;16038;5
1706;16040;5
1707;16041;1
1708;16042;5
1709;16043;3
1710;16045;4
1711;16045;4
1712;16046;1
1713;16046;1
1714;16049;1
1715;16050;1
1716;16050;1
1717;16052;3
1718;16053;5
1719;16053;5
1720;16053;5
1721;16054;4
1722;16054;4
1723;16055;1
1724;16056;5
1725;16057;5
1726;16058;4
1727;16059;5
1728;16060;4
1729;16060;4
1730;16061;5
1731;16062;2
1732;16063;6
1733;16065;2
1734;16065;2
1735;16065;2
1736;16066;2
1737;16067;4
1738;16070;4
1739;16071;2
1740;16071;2
1741;16073;5
1742;16077;1
1743;16078;1
1744;16079;4
1745;16080;5
1746;16081;6
1747;16081;6
1748;16083;5
1749;16084;5
1750;16086;5
1751;16087;5
1752;16088;1
1753;16089;4
1754;16091;5
1755;16092;5
1756;16093;5
1757;16094;5
1758;16096;1
1759;16097;1
1760;16098;5
1761;16101;3
1762;16101;3
1763;16101;3
1764;16109;4
1765;16110;4
1766;16110;4
1767;16111;6
1768;16111;6
1769;16111;6
1770;16111;6
1771;16111;6
1772;16112;2
1773;16112;2
1774;16114;2
1775;16115;4
1776;16116;4
1777;16117;4
1778;16122;5
1779;16125;3
1780;16126;3
1781;16130;1
1782;16132;1
1783;16133;2
1784;16136;1
1785;16136;1
1786;16136;1
1787;16136;1
1788;16137;1
1789;16138;1
1790;16140;5
1791;16145;5
1792;16146;5
1793;16147;2
1794;16147;2
1795;16148;4
1796;16153;5
1797;16156;3
1798;16159;3
1799;16159;3
1800;16159;3
1801;16159;3
1802;16162;1
1803;16163;4
1804;16164;4
1805;16166;1
1806;16169;4
1807;16171;2
1808;16171;2
1809;16179;3
1810;16180;2
1811;16181;1
1812;16184;1
1813;16185;1
1814;16186;2
1815;16192;3
1816;16193;4
1817;16196;5
1818;16197;3
1819;16200;1
1820;16201;1
1821;16202;1
1822;16205;5
1823;16205;5
1824;16208;1
1825;16211;2
1826;16212;4
1827;16216;1
1828;16217;5
1829;16218;4
1830;16218;4
1831;16219;5
1832;16220;4
1833;16221;3
1834;16222;4
1835;16226;6
1836;16226;6
1837;16227;1
1838;16227;1
1839;16227;1
1840;16228;1
1841;16233;5
1842;16233;5
1843;16234;5
1844;16234;5
1845;16235;1
1846;16235;1
1847;16236;3
1848;16237;5
1849;16238;5
1850;16238;5
1851;16241;6
1852;16243;5
1853;16248;1
1854;16249;1
1855;16252;1
1856;16253;5
1857;16254;5
1858;16255;5
1859;16256;1
1860;16259;1
1861;16260;5
1862;16262;4
1863;16262;4
1864;16263;3
1865;16264;5
1866;16264;5
1867;16264;5
1868;16265;2
1869;16265;2
1870;16268;6
1871;16269;2
1872;16271;3
1873;16271;3
1874;16272;3
1875;16274;4
1876;16275;4
1877;16276;6
1878;16277;2
1879;16278;3
1880;16281;1
1881;16283;2
1882;16292;1
1883;16295;5
1884;16296;1
1885;16299;2
1886;16300;5
1887;16302;3
1888;16302;3
1889;16303;4
1890;16303;4
1891;16303;4
1892;16303;4
1893;16303;4
1894;16303;4
1895;16303;4
1896;16304;2
1897;16305;4
1898;16308;1
1899;16309;3
1900;16310;1
1901;16311;5
1902;16312;5
1903;16313;5
1904;16318;2
1905;16319;2
1906;16321;3
1907;16322;2
1908;16323;2
1909;16324;2
1910;16324;2
1911;16325;5
1912;16325;5
1913;16325;5
1914;16325;5
1915;16326;5
1916;16328;2
1917;16329;5
1918;16330;1
1919;16333;3
1920;16335;4
1921;16337;4
1922;16338;5
1923;16339;5
1924;16340;5
1925;16346;3
1926;16347;3
1927;16350;1
1928;16352;5
1929;16352;5
1930;16355;4
1931;16361;4
1932;16362;3
1933;16364;4
1934;16365;5
1935;16366;2
1936;16367;5
1937;16368;1
1938;16369;5
1939;16370;1
1940;16371;1
1941;16372;1
1942;16373;4
1943;16374;5
1944;16375;4
1945;16376;5
1946;16377;5
1947;16378;4
1948;16379;2
1949;16380;5
1950;16383;1
1951;16386;1
1952;16390;1
1953;16391;4
1954;16394;1
1955;16397;2
1956;16398;2
1957;16398;2
1958;16402;3
1959;16404;3
1960;16407;1
1961;16410;2
1962;16412;5
1963;16415;4
1964;16416;5
1965;16418;2
1966;16422;1
1967;16427;1
1968;16430;4
1969;16430;4
1970;16430;4
1971;16431;3
1972;16431;3
1973;16431;3
1974;16432;1
1975;16432;1
1976;16432;1
1977;16432;1
1978;16432;1
1979;16433;2
1980;16434;3
1981;16435;6
1982;16436;2
1983;16436;2
1984;16439;1
1985;16440;4
1986;16442;5
1987;16445;1
1988;16447;5
1989;16448;1
1990;16449;1
1991;16455;1
1992;16456;5
1993;16458;5
1994;16459;5
1995;16461;5
1996;16462;2
1997;16468;3
1998;16468;3
1999;16468;3
2000;16468;3
2001;16468;3
2002;16470;1
2003;16476;1
2004;16477;2
2005;16477;2
2006;16480;5
2007;16482;5
2008;16482;5
2009;16483;5
2010;16487;5
2011;16488;2
2012;16490;5
2013;16492;5
2014;16494;3
2015;16494;3
2016;16494;3
2017;16494;3
2018;16495;2
2019;16498;5
2020;16501;1
2021;16502;2
2022;16502;2
2023;16503;5
2024;16504;3
2025;16504;3
2026;16504;3
2027;16504;3
2028;16504;3
2029;16504;3
2030;16504;3
2031;16504;3
2032;16504;3
2033;16505;5
2034;16505;5
2035;16508;5
2036;16508;5
2037;16510;4
2038;16510;4
2039;16512;3
2040;16512;3
2041;16512;3
2042;16512;3
2043;16513;5
2044;16514;3
2045;16514;3
2046;16514;3
2047;16514;3
2048;16514;3
2049;16514;3
2050;16514;3
2051;16514;3
2052;16514;3
2053;16514;3
2054;16514;3
2055;16514;3
2056;16514;3
2057;16514;3
2058;16514;3
2059;16514;3
2060;16514;3
2061;16514;3
2062;16514;3
2063;16514;3
2064;16514;3
2065;16514;3
2066;16514;3
2067;16514;3
2068;16514;3
2069;16514;3
2070;16514;3
2071;16514;3
2072;16514;3
2073;16514;3
2074;16515;5
2075;16516;4
2076;16518;4
2077;16519;2
2078;16520;4
2079;16523;5
2080;16524;1
2081;16525;1
2082;16526;1
2083;16528;3
2084;16529;5
2085;16530;5
2086;16531;5
2087;16532;5
2088;16533;5
2089;16534;5
2090;16535;5
2091;16536;5
2092;16537;2
2093;16538;3
2094;16538;3
2095;16538;3
2096;16538;3
2097;16539;2
2098;16540;3
2099;16553;6
2100;16555;5
2101;16558;5
2102;16559;4
2103;16562;1
2104;16563;3
2105;16564;5
2106;16565;3
2107;16565;3
2108;16570;1
2109;16575;4
2110;16577;2
2111;16578;3
2112;16579;5
2113;16579;5
2114;16579;5
2115;16579;5
2116;16579;5
2117;16579;5
2118;16580;5
2119;16580;5
2120;16581;5
2121;16582;5
2122;16584;5
2123;16586;4
2124;16586;4
2125;16586;4
2126;16587;5
2127;16595;5
2128;16596;5
2129;16597;5
2130;16598;5
2131;16599;5
2132;16600;3
2133;16603;1
2134;16606;3
2135;16607;2
2136;16607;2
2137;16607;2
2138;16609;1
2139;16609;1
2140;16614;3
2141;16615;5
2142;16620;1
2143;16623;5
2144;16628;3
2145;16629;5
2146;16629;5
2147;16629;5
2148;16629;5
2149;16630;2
2150;16631;2
2151;16632;1
2152;16634;6
2153;16634;6
2154;16635;5
2155;16639;6
2156;16642;1
2157;16645;1
2158;16646;4
2159;16647;2
2160;16649;4
2161;16649;4
2162;16649;4
2163;16650;4
2164;16650;4
2165;16650;4
2166;16650;4
2167;16651;4
2168;16652;1
2169;16652;1
2170;16653;2
2171;16654;5
2172;16655;5
2173;16656;2
2174;16657;5
2175;16657;5
2176;16658;5
2177;16659;5
2178;16662;1
2179;16663;1
2180;16664;1
2181;16665;1
2182;16666;3
2183;16666;3
2184;16666;3
2185;16666;3
2186;16666;3
2187;16666;3
2188;16666;3
2189;16666;3
2190;16666;3
2191;16666;3
2192;16666;3
2193;16666;3
2194;16666;3
2195;16666;3
2196;16666;3
2197;16666;3
2198;16666;3
2199;16666;3
2200;16666;3
2201;16666;3
2202;16666;3
2203;16667;5
2204;16672;3
2205;16674;4
2206;16675;5
2207;16675;5
2208;16675;5
2209;16677;5
2210;16677;5
2211;16680;1
2212;16680;1
2213;16681;3
2214;16682;5
2215;16683;5
2216;16686;3
2217;16688;4
2218;16688;4
2219;16691;1
2220;16692;1
2221;16693;1
2222;16693;1
2223;16694;3
2224;16699;1
2225;16700;5
2226;16702;3
2227;16703;3
2228;16703;3
2229;16703;3
2230;16704;5
2231;16704;5
2232;16705;4
2233;16705;4
2234;16706;5
2235;16707;4
2236;16708;5
2237;16709;4
2238;16709;4
2239;16710;5
2240;16711;3
2241;16712;3
2242;16714;2
2243;16716;2
2244;16720;3
2245;16720;3
2246;16722;3
2247;16723;2
2248;16723;2
2249;16723;2
2250;16723;2
2251;16723;2
2252;16723;2
2253;16723;2
2254;16727;5
2255;16728;3
2256;16730;5
2257;16736;1
2258;16743;2
2259;16746;3
2260;16808;4
2261;16809;1
2262;16811;1
2263;16815;5
2264;16816;2
2265;16817;4
2266;16820;3
2267;16823;1
2268;16824;2
2269;16826;4
2270;16878;2
2271;16888;1
2272;16888;1
2273;16888;1
2274;16888;1
2275;16897;3
2276;16898;5
2277;16899;1
2278;16899;1
2279;16900;5
2280;16900;5
2281;16900;5
2282;16900;5
2283;16900;5
2284;16900;5
2285;16900;5
2286;16900;5
2287;16900;5
2288;16900;5
2289;16900;5
2290;16900;5
2291;16900;5
2292;16902;5
2293;16903;5
2294;16904;5
2295;16905;5
2296;16906;5
2297;16908;4
2298;16911;2
2299;16919;2
2300;16920;2
2301;16923;3
2302;16932;2
2303;16932;2
2304;16933;5
2305;16933;5
2306;16934;3
2307;16935;2
2308;16935;2
2309;16935;2
2310;16935;2
2311;16936;1
2312;16937;2
2313;16939;2
2314;16940;3
2315;16943;2
2316;16946;4
2317;16947;1
2318;16948;1
2319;16951;1
2320;16952;6
2321;16953;1
2322;16954;5
2323;16955;2
2324;16957;3
2325;16959;6
2326;16959;6
2327;16960;2
2328;16960;2
2329;16960;2
2330;16969;2
2331;16976;4
2332;16976;4
2333;16977;3
2334;16978;3
2335;16978;3
2336;16978;3
2337;16978;3
2338;16979;3
2339;16980;5
2340;16981;3
2341;16982;4
2342;16983;6
2343;16984;5
2344;16985;3
2345;16986;3
2346;16988;3
2347;16990;1
2348;16991;1
2349;16992;1
2350;16993;2
2351;16993;2
2352;16993;2
2353;16996;2
2354;16998;5
2355;17000;5
2356;17001;5
2357;17002;5
2358;17003;1
2359;17004;1
2360;17006;3
2361;17010;3
2362;17010;3
2363;17010;3
2364;17010;3
2365;17010;3
2366;17011;3
2367;17012;2
2368;17014;1
2369;17020;4
2370;17021;4
2371;17023;2
2372;17023;2
2373;17024;2
2374;17025;5
2375;17026;1
2376;17027;1
2377;17028;2
2378;17031;3
2379;17031;3
2380;17032;5
2381;17033;5
2382;17037;3
2383;17039;4
2384;17039;4
2385;17040;5
2386;17043;2
